{
    "f32": {
        "perplexity": 7.022264192030475,
        "tokens_per_sec": 6397.75366371211
    },
    "q8_0": {
        "perplexity": 6.963137283857896,
        "tokens_per_sec": 3916.7680104282254
    },
    "q4_k_m": {
        "perplexity": 7.161395650590911,
        "tokens_per_sec": 5063.678132312676
    }
}